ISOControl,MeasureType,ConcreteMeasure,Tool,Source
"5.34 Datenschutz und Schutz von personenbezogenen Daten","Governance & Strategy","Privacy principles","LightBeam GDPR Compliance Automation","https://www.lightbeam.ai/solutions/regulations/gdpr/"
"5.34 Datenschutz und Schutz von personenbezogenen Daten","Governance & Strategy","Privacy principles","Kertos GDPR DPMS","https://www.kertos.io/en/frameworks/gdpr"
"5.34 Datenschutz und Schutz von personenbezogenen Daten","Governance & Strategy","Privacy principles","GDPR Register platform","https://www.gdprregister.eu"
"5.34 Datenschutz und Schutz von personenbezogenen Daten","Governance & Strategy","Protection goals","LightBeam GDPR Compliance Automation","https://www.lightbeam.ai/solutions/regulations/gdpr/"
"5.34 Datenschutz und Schutz von personenbezogenen Daten","Governance & Strategy","Protection goals","EQS GDPR Compliance Software","https://www.eqs.com/platform-data-privacy/gdpr-compliance/"
"5.34 Datenschutz und Schutz von personenbezogenen Daten","Governance & Strategy","Protection goals","CyberComply GDPR suite","https://grcsolutions.io/streamlining-gdpr-compliance-with-ropas-data-flow-maps-and-dpias/"
"5.34 Datenschutz und Schutz von personenbezogenen Daten","Governance & Strategy","Eight privacy design strategies","Clarip GDPR Software","https://www.clarip.com/data-privacy/gdpr-software/"
"5.34 Datenschutz und Schutz von personenbezogenen Daten","Governance & Strategy","Eight privacy design strategies","LightBeam GDPR Compliance Automation","https://www.lightbeam.ai/solutions/regulations/gdpr/"
"5.34 Datenschutz und Schutz von personenbezogenen Daten","Governance & Strategy","Topic-specific policies","GDPR Register platform","https://www.gdprregister.eu"
"5.34 Datenschutz und Schutz von personenbezogenen Daten","Governance & Strategy","Topic-specific policies","Zebsoft GDPR Software","https://zebsoft.co.uk/gdpr-software/"
"5.34 Datenschutz und Schutz von personenbezogenen Daten","Governance & Strategy","Accountability structures","Data Privacy Manager governance model resources","https://dataprivacymanager.net/gdpr-compliance-privacy-governance-model/"
"5.34 Datenschutz und Schutz von personenbezogenen Daten","Governance & Strategy","Accountability structures","Privacy108 privacy team structuring resources","https://privacy108.com.au/insights/how-to-structure-your-privacy-team/"
"5.34 Datenschutz und Schutz von personenbezogenen Daten","Governance & Strategy","Methodologies","CNIL PIA software","https://www.cnil.fr/en/privacy-impact-assessment-cnil-releases-version-3-0-its-pia-software"
"5.34 Datenschutz und Schutz von personenbezogenen Daten","Governance & Strategy","Methodologies","OAIC Privacy Impact Assessment tool","https://www.oaic.gov.au/privacy/privacy-guidance-for-organisations-and-government-agencies/privacy-impact-assessments/privacy-impact-assessment-tool"
"5.34 Datenschutz und Schutz von personenbezogenen Daten","Governance & Strategy","Methodologies","New Zealand PIA toolkit","https://www.privacy.org.nz/resources-and-learning/knowledge-base/view/197/"
"5.34 Datenschutz und Schutz von personenbezogenen Daten","Governance & Strategy","User rights framework","LightBeam GDPR Compliance Automation","https://www.lightbeam.ai/solutions/regulations/gdpr/"
"5.34 Datenschutz und Schutz von personenbezogenen Daten","Governance & Strategy","User rights framework","Kertos GDPR DPMS","https://www.kertos.io/en/frameworks/gdpr"
"5.34 Datenschutz und Schutz von personenbezogenen Daten","Governance & Strategy","User rights framework","EQS GDPR Compliance Software","https://www.eqs.com/platform-data-privacy/gdpr-compliance/"
"5.34 Datenschutz und Schutz von personenbezogenen Daten","Organisational Processes","Data protection impact assessment (DPIA)","CNIL PIA software","https://www.cnil.fr/en/privacy-impact-assessment-cnil-releases-version-3-0-its-pia-software"
"5.34 Datenschutz und Schutz von personenbezogenen Daten","Organisational Processes","Data protection impact assessment (DPIA)","Clarip GDPR Software","https://www.clarip.com/data-privacy/gdpr-software/"
"5.34 Datenschutz und Schutz von personenbezogenen Daten","Organisational Processes","Data protection impact assessment (DPIA)","GDPR Register platform","https://www.gdprregister.eu"
"5.34 Datenschutz und Schutz von personenbezogenen Daten","Organisational Processes","Compliance assessment","EQS GDPR Compliance Software","https://www.eqs.com/platform-data-privacy/gdpr-compliance/"
"5.34 Datenschutz und Schutz von personenbezogenen Daten","Organisational Processes","Compliance assessment","CyberComply GDPR suite","https://grcsolutions.io/streamlining-gdpr-compliance-with-ropas-data-flow-maps-and-dpias/"
"5.34 Datenschutz und Schutz von personenbezogenen Daten","Organisational Processes","Compliance assessment","Zebsoft GDPR Software","https://zebsoft.co.uk/gdpr-software/"
"5.34 Datenschutz und Schutz von personenbezogenen Daten","Organisational Processes","Training and awareness-raising","DataGuard DPIA and privacy training resources","https://www.dataguard.com/blog/perform-a-privacy-impact-a-assessment/"
"5.34 Datenschutz und Schutz von personenbezogenen Daten","Organisational Processes","Training and awareness-raising","LightBeam GDPR Compliance Automation","https://www.lightbeam.ai/solutions/regulations/gdpr/"
"5.34 Datenschutz und Schutz von personenbezogenen Daten","Organisational Processes","Training and awareness-raising","Kertos GDPR DPMS","https://www.kertos.io/en/frameworks/gdpr"
"5.34 Datenschutz und Schutz von personenbezogenen Daten","Technical & Architectural implementations","Privacy-enhancing technology","LightBeam GDPR Compliance Automation","https://www.lightbeam.ai/solutions/regulations/gdpr/"
"5.34 Datenschutz und Schutz von personenbezogenen Daten","Technical & Architectural implementations","Privacy-enhancing technology","Data Privacy Manager platform","https://dataprivacymanager.net/gdpr-compliance-privacy-governance-model/"
"5.34 Datenschutz und Schutz von personenbezogenen Daten","Technical & Architectural implementations","Privacy-enhancing technology","CyberComply GDPR suite","https://grcsolutions.io/streamlining-gdpr-compliance-with-ropas-data-flow-maps-and-dpias/"
"5.34 Datenschutz und Schutz von personenbezogenen Daten","Technical & Architectural implementations","Data minimisation","LightBeam GDPR Compliance Automation","https://www.lightbeam.ai/solutions/regulations/gdpr/"
"5.34 Datenschutz und Schutz von personenbezogenen Daten","Technical & Architectural implementations","Data minimisation","GDPR Register platform","https://www.gdprregister.eu"
"5.34 Datenschutz und Schutz von personenbezogenen Daten","Technical & Architectural implementations","Data minimisation","EQS GDPR Compliance Software","https://www.eqs.com/platform-data-privacy/gdpr-compliance/"
"5.34 Datenschutz und Schutz von personenbezogenen Daten","Roles","Data Protection Officer","Data Protection Officer role guidance (EDPB/WP29, WP243)","https://whitelabelconsultancy.com/chief-privacy-officer-or-data-protection-officer/"
"5.34 Datenschutz und Schutz von personenbezogenen Daten","Roles","Data Protection Officer","Data Privacy Manager governance model resources","https://dataprivacymanager.net/gdpr-compliance-privacy-governance-model/"
"5.34 Datenschutz und Schutz von personenbezogenen Daten","Roles","Top Management","Data Privacy Manager governance model resources","https://dataprivacymanager.net/gdpr-compliance-privacy-governance-model/"
"5.34 Datenschutz und Schutz von personenbezogenen Daten","Roles","Top Management","Privacy108 privacy team structuring resources","https://privacy108.com.au/insights/how-to-structure-your-privacy-team/"
